codon,weight
TTT,0.3786583579664989
TTC,1.0
TTA,0.08954452753229096
TTG,0.23506911398141853
TCT,0.5595662756107298
TCC,0.8344300928489563
TCA,0.8195433531222233
TCG,0.2604278006001056
TAT,0.537336221283244
TAC,1.0
TAA,0.18009645705805974
TAG,0.19371174179187534
TGT,0.6341836389471548
TGC,1.0
TGA,1.0
TGG,1.0
CTT,0.3464763199637435
CTC,0.5889236347156129
CTA,0.2355767051892137
CTG,1.0
CCT,0.9824417992676617
CCC,0.7689999216151753
CCA,1.0
CCG,0.5505750086783199
CAT,0.7342202171461184
CAC,1.0
CAA,0.4436490041337843
CAG,1.0
CGT,0.28061100587692456
CGC,0.5146073145854583
CGA,0.32444509203943855
CGG,0.5785977949390452
ATT,0.33860050059854174
ATC,1.0
ATA,0.24507563391010992
ATG,1.0
ACT,0.49975460791798454
ACC,1.0
ACA,0.7911031737375941
ACG,0.375490784164031
AAT,0.2904337453195931
AAC,0.542131946055204
AAA,0.33323490072782225
AAG,1.0
AGT,0.4685330895136054
AGC,1.0
AGA,0.8122541162756812
AGG,1.0
GTT,0.2829801381942236
GTC,0.6159039000838417
GTA,0.23542166584752378
GTG,1.0
GCT,0.8255473292151163
GCC,1.0
GCA,0.8068904433139535
GCG,0.4842160247093023
GAT,0.6010802213459691
GAC,1.0
GAA,0.4807966929725667
GAG,0.8133502442690718
GGT,0.4708080180939288
GGC,0.8961040400904696
GGA,1.0
GGG,0.598030954809526
